[
    {
        "id": "6f9994f7957016f6",
        "type": "tab",
        "label": "Flow 3",
        "disabled": false,
        "info": "",
        "env": []
    },
    {
        "id": "5a5ecf5c30c50d3b",
        "type": "ui_switch",
        "z": "6f9994f7957016f6",
        "name": "",
        "label": "Hall",
        "tooltip": "",
        "group": "cb37476e44a9611a",
        "order": 2,
        "width": 0,
        "height": 0,
        "passthru": true,
        "decouple": "false",
        "topic": "iot/perintah",
        "topicType": "msg",
        "style": "",
        "onvalue": "true",
        "onvalueType": "bool",
        "onicon": "",
        "oncolor": "",
        "offvalue": "false",
        "offvalueType": "bool",
        "officon": "",
        "offcolor": "",
        "animate": false,
        "className": "",
        "x": 170,
        "y": 180,
        "wires": [
            [
                "29d8ef862af9a331"
            ]
        ]
    },
    {
        "id": "2660bb93d4dc8b5b",
        "type": "mqtt in",
        "z": "6f9994f7957016f6",
        "name": "",
        "topic": "iot/order",
        "qos": "0",
        "datatype": "auto",
        "broker": "c9bbbce2de29e8e7",
        "nl": false,
        "rap": true,
        "rh": 0,
        "inputs": 0,
        "x": 180,
        "y": 500,
        "wires": [
            [
                "4e2a15facf628b6e"
            ]
        ]
    },
    {
        "id": "4e2a15facf628b6e",
        "type": "serial out",
        "z": "6f9994f7957016f6",
        "name": "Serial Out",
        "serial": "f631aec9237bfaf3",
        "x": 540,
        "y": 500,
        "wires": []
    },
    {
        "id": "29d8ef862af9a331",
        "type": "switch",
        "z": "6f9994f7957016f6",
        "name": "IF",
        "property": "payload",
        "propertyType": "msg",
        "rules": [
            {
                "t": "true"
            },
            {
                "t": "false"
            }
        ],
        "checkall": "true",
        "repair": false,
        "outputs": 2,
        "x": 350,
        "y": 180,
        "wires": [
            [
                "8a92c18c5ebfb704"
            ],
            [
                "52d757b77c71e988"
            ]
        ]
    },
    {
        "id": "8a92c18c5ebfb704",
        "type": "change",
        "z": "6f9994f7957016f6",
        "name": "lamp-on",
        "rules": [
            {
                "t": "set",
                "p": "payload",
                "pt": "msg",
                "to": "B",
                "tot": "str"
            }
        ],
        "action": "",
        "property": "",
        "from": "",
        "to": "",
        "reg": false,
        "x": 520,
        "y": 160,
        "wires": [
            [
                "0f17448c82fd0b60"
            ]
        ]
    },
    {
        "id": "52d757b77c71e988",
        "type": "change",
        "z": "6f9994f7957016f6",
        "name": "lamp-off",
        "rules": [
            {
                "t": "set",
                "p": "payload",
                "pt": "msg",
                "to": "b",
                "tot": "str"
            }
        ],
        "action": "",
        "property": "",
        "from": "",
        "to": "",
        "reg": false,
        "x": 520,
        "y": 200,
        "wires": [
            [
                "0f17448c82fd0b60"
            ]
        ]
    },
    {
        "id": "df51524c7a670fd2",
        "type": "ui_switch",
        "z": "6f9994f7957016f6",
        "name": "",
        "label": "Bed Room",
        "tooltip": "",
        "group": "cb37476e44a9611a",
        "order": 2,
        "width": 0,
        "height": 0,
        "passthru": true,
        "decouple": "false",
        "topic": "iot/perintah",
        "topicType": "msg",
        "style": "",
        "onvalue": "true",
        "onvalueType": "bool",
        "onicon": "",
        "oncolor": "",
        "offvalue": "false",
        "offvalueType": "bool",
        "officon": "",
        "offcolor": "",
        "animate": false,
        "className": "",
        "x": 190,
        "y": 300,
        "wires": [
            [
                "342ab73b6a5ba714"
            ]
        ]
    },
    {
        "id": "342ab73b6a5ba714",
        "type": "switch",
        "z": "6f9994f7957016f6",
        "name": "IF",
        "property": "payload",
        "propertyType": "msg",
        "rules": [
            {
                "t": "true"
            },
            {
                "t": "false"
            }
        ],
        "checkall": "true",
        "repair": false,
        "outputs": 2,
        "x": 350,
        "y": 300,
        "wires": [
            [
                "40989e330a183d7f"
            ],
            [
                "f53cd9d7d716807d"
            ]
        ]
    },
    {
        "id": "40989e330a183d7f",
        "type": "change",
        "z": "6f9994f7957016f6",
        "name": "lamp-on",
        "rules": [
            {
                "t": "set",
                "p": "payload",
                "pt": "msg",
                "to": "C",
                "tot": "str"
            }
        ],
        "action": "",
        "property": "",
        "from": "",
        "to": "",
        "reg": false,
        "x": 520,
        "y": 280,
        "wires": [
            [
                "0f17448c82fd0b60"
            ]
        ]
    },
    {
        "id": "f53cd9d7d716807d",
        "type": "change",
        "z": "6f9994f7957016f6",
        "name": "lamp-off",
        "rules": [
            {
                "t": "set",
                "p": "payload",
                "pt": "msg",
                "to": "c",
                "tot": "str"
            }
        ],
        "action": "",
        "property": "",
        "from": "",
        "to": "",
        "reg": false,
        "x": 520,
        "y": 320,
        "wires": [
            [
                "0f17448c82fd0b60"
            ]
        ]
    },
    {
        "id": "0f17448c82fd0b60",
        "type": "mqtt out",
        "z": "6f9994f7957016f6",
        "name": "",
        "topic": "iot/order",
        "qos": "",
        "retain": "",
        "respTopic": "",
        "contentType": "",
        "userProps": "",
        "correl": "",
        "expiry": "",
        "broker": "c9bbbce2de29e8e7",
        "x": 740,
        "y": 300,
        "wires": []
    },
    {
        "id": "df711695d495eba5",
        "type": "ui_switch",
        "z": "6f9994f7957016f6",
        "name": "",
        "label": "Kitchen",
        "tooltip": "",
        "group": "cb37476e44a9611a",
        "order": 2,
        "width": 0,
        "height": 0,
        "passthru": true,
        "decouple": "false",
        "topic": "iot/perintah",
        "topicType": "msg",
        "style": "",
        "onvalue": "true",
        "onvalueType": "bool",
        "onicon": "",
        "oncolor": "",
        "offvalue": "false",
        "offvalueType": "bool",
        "officon": "",
        "offcolor": "",
        "animate": false,
        "className": "",
        "x": 180,
        "y": 400,
        "wires": [
            [
                "f78832fc3c79a65f"
            ]
        ]
    },
    {
        "id": "f78832fc3c79a65f",
        "type": "switch",
        "z": "6f9994f7957016f6",
        "name": "IF",
        "property": "payload",
        "propertyType": "msg",
        "rules": [
            {
                "t": "true"
            },
            {
                "t": "false"
            }
        ],
        "checkall": "true",
        "repair": false,
        "outputs": 2,
        "x": 350,
        "y": 400,
        "wires": [
            [
                "10cc988cb33b963a"
            ],
            [
                "45e60353872bdfeb"
            ]
        ]
    },
    {
        "id": "10cc988cb33b963a",
        "type": "change",
        "z": "6f9994f7957016f6",
        "name": "lamp-on",
        "rules": [
            {
                "t": "set",
                "p": "payload",
                "pt": "msg",
                "to": "D",
                "tot": "str"
            }
        ],
        "action": "",
        "property": "",
        "from": "",
        "to": "",
        "reg": false,
        "x": 520,
        "y": 380,
        "wires": [
            [
                "0f17448c82fd0b60"
            ]
        ]
    },
    {
        "id": "45e60353872bdfeb",
        "type": "change",
        "z": "6f9994f7957016f6",
        "name": "lamp-off",
        "rules": [
            {
                "t": "set",
                "p": "payload",
                "pt": "msg",
                "to": "d",
                "tot": "str"
            }
        ],
        "action": "",
        "property": "",
        "from": "",
        "to": "",
        "reg": false,
        "x": 520,
        "y": 420,
        "wires": [
            [
                "0f17448c82fd0b60"
            ]
        ]
    },
    {
        "id": "5fa72908448ca365",
        "type": "ui_spacer",
        "z": "6f9994f7957016f6",
        "name": "spacer",
        "group": "cb37476e44a9611a",
        "order": 1,
        "width": "0",
        "height": "0"
    },
    {
        "id": "cb37476e44a9611a",
        "type": "ui_group",
        "name": "Welcome Home!",
        "tab": "d03e81e7aec0e207",
        "order": 1,
        "disp": true,
        "width": "6",
        "collapse": false,
        "className": ""
    },
    {
        "id": "c9bbbce2de29e8e7",
        "type": "mqtt-broker",
        "name": "",
        "broker": "localhost",
        "port": "1883",
        "clientid": "",
        "autoConnect": true,
        "usetls": false,
        "protocolVersion": "4",
        "keepalive": "60",
        "cleansession": true,
        "birthTopic": "",
        "birthQos": "0",
        "birthPayload": "",
        "birthMsg": {},
        "closeTopic": "",
        "closeQos": "0",
        "closePayload": "",
        "closeMsg": {},
        "willTopic": "",
        "willQos": "0",
        "willPayload": "",
        "willMsg": {},
        "sessionExpiry": ""
    },
    {
        "id": "f631aec9237bfaf3",
        "type": "serial-port",
        "serialport": "COM2",
        "serialbaud": "9600",
        "databits": "8",
        "parity": "none",
        "stopbits": "1",
        "waitfor": "",
        "dtr": "none",
        "rts": "none",
        "cts": "none",
        "dsr": "none",
        "newline": "\\n",
        "bin": "false",
        "out": "char",
        "addchar": "",
        "responsetimeout": "10000"
    },
    {
        "id": "d03e81e7aec0e207",
        "type": "ui_tab",
        "name": "Smart Appartment",
        "icon": "dashboard",
        "order": 3,
        "disabled": false,
        "hidden": false
    }
]