[
    {
        "id": "83d2de5ae3a1db83",
        "type": "tab",
        "label": "Flow 4",
        "disabled": false,
        "info": "",
        "env": []
    },
    {
        "id": "96c4a605f83bc6f3",
        "type": "serial in",
        "z": "83d2de5ae3a1db83",
        "name": "Serial In",
        "serial": "f631aec9237bfaf3",
        "x": 140,
        "y": 80,
        "wires": [
            [
                "cc42ba58598fab42"
            ]
        ]
    },
    {
        "id": "cc42ba58598fab42",
        "type": "json",
        "z": "83d2de5ae3a1db83",
        "name": "",
        "property": "payload",
        "action": "obj",
        "pretty": false,
        "x": 290,
        "y": 80,
        "wires": [
            [
                "ee6d1aed1995f514"
            ]
        ]
    },
    {
        "id": "ee6d1aed1995f514",
        "type": "function",
        "z": "83d2de5ae3a1db83",
        "name": "",
        "func": "var b = JSON.parse(JSON.stringify(msg.payload));\nb = msg;\nreturn msg;",
        "outputs": 1,
        "noerr": 0,
        "initialize": "",
        "finalize": "",
        "libs": [],
        "x": 440,
        "y": 80,
        "wires": [
            [
                "eef0b9ce7aa21677",
                "79590e8a880f3866"
            ]
        ]
    },
    {
        "id": "eef0b9ce7aa21677",
        "type": "function",
        "z": "83d2de5ae3a1db83",
        "name": "",
        "func": "msg.payload =msg.payload.SENSOR2;\nreturn msg;",
        "outputs": 1,
        "noerr": 0,
        "initialize": "",
        "finalize": "",
        "libs": [],
        "x": 620,
        "y": 100,
        "wires": [
            [
                "6dae01d71b642725"
            ]
        ]
    },
    {
        "id": "480a3992145e13ed",
        "type": "ui_gauge",
        "z": "83d2de5ae3a1db83",
        "name": "",
        "group": "cb37476e44a9611a",
        "order": 5,
        "width": "6",
        "height": "4",
        "gtype": "gage",
        "title": "Temperature",
        "label": "Celcius",
        "format": "{{value}}",
        "min": "1",
        "max": "100",
        "colors": [
            "#00b500",
            "#e6e600",
            "#ca3838"
        ],
        "seg1": "25",
        "seg2": "70",
        "className": "",
        "x": 830,
        "y": 320,
        "wires": []
    },
    {
        "id": "6dae01d71b642725",
        "type": "mqtt out",
        "z": "83d2de5ae3a1db83",
        "name": "Gas Sensor",
        "topic": "Emergency",
        "qos": "",
        "retain": "",
        "respTopic": "",
        "contentType": "",
        "userProps": "",
        "correl": "",
        "expiry": "",
        "broker": "c9bbbce2de29e8e7",
        "x": 790,
        "y": 120,
        "wires": []
    },
    {
        "id": "3d4e7e1081cf98d0",
        "type": "mqtt in",
        "z": "83d2de5ae3a1db83",
        "name": "Gas Sensor ",
        "topic": "Emergency",
        "qos": "2",
        "datatype": "auto",
        "broker": "c9bbbce2de29e8e7",
        "nl": false,
        "rap": true,
        "rh": 0,
        "inputs": 0,
        "x": 170,
        "y": 420,
        "wires": [
            [
                "95cc8f73a60e1164",
                "40d528bf47625ea2",
                "4ad31169d1ec0352"
            ]
        ]
    },
    {
        "id": "95cc8f73a60e1164",
        "type": "change",
        "z": "83d2de5ae3a1db83",
        "name": "",
        "rules": [
            {
                "t": "change",
                "p": "payload",
                "pt": "msg",
                "from": "0",
                "fromt": "num",
                "to": "Safe! Gas Not Detected!",
                "tot": "str"
            }
        ],
        "action": "",
        "property": "",
        "from": "",
        "to": "",
        "reg": false,
        "x": 400,
        "y": 420,
        "wires": [
            [
                "14fb67f7cf4755d4"
            ]
        ]
    },
    {
        "id": "40d528bf47625ea2",
        "type": "change",
        "z": "83d2de5ae3a1db83",
        "name": "",
        "rules": [
            {
                "t": "change",
                "p": "payload",
                "pt": "msg",
                "from": "1",
                "fromt": "str",
                "to": "Warning! Gas Detected!",
                "tot": "str"
            }
        ],
        "action": "",
        "property": "",
        "from": "",
        "to": "",
        "reg": false,
        "x": 400,
        "y": 480,
        "wires": [
            [
                "1787b56b742ffdd6"
            ]
        ]
    },
    {
        "id": "1787b56b742ffdd6",
        "type": "switch",
        "z": "83d2de5ae3a1db83",
        "name": "",
        "property": "payload",
        "propertyType": "msg",
        "rules": [
            {
                "t": "eq",
                "v": "Warning! Gas Detected!",
                "vt": "str"
            }
        ],
        "checkall": "true",
        "repair": false,
        "outputs": 1,
        "x": 590,
        "y": 480,
        "wires": [
            [
                "35495b7aa75fdb48"
            ]
        ]
    },
    {
        "id": "14fb67f7cf4755d4",
        "type": "switch",
        "z": "83d2de5ae3a1db83",
        "name": "",
        "property": "payload",
        "propertyType": "msg",
        "rules": [
            {
                "t": "eq",
                "v": "Safe! Gas Not Detected!",
                "vt": "str"
            }
        ],
        "checkall": "true",
        "repair": false,
        "outputs": 1,
        "x": 590,
        "y": 420,
        "wires": [
            [
                "35495b7aa75fdb48"
            ]
        ]
    },
    {
        "id": "35495b7aa75fdb48",
        "type": "ui_text",
        "z": "83d2de5ae3a1db83",
        "group": "cb37476e44a9611a",
        "order": 0,
        "width": "6",
        "height": "4",
        "name": "Gas Sensor Output",
        "label": "Gas Sensor",
        "format": "{{msg.payload}}",
        "layout": "col-center",
        "className": "",
        "x": 810,
        "y": 440,
        "wires": []
    },
    {
        "id": "18e89268cc8a037f",
        "type": "function",
        "z": "83d2de5ae3a1db83",
        "name": "",
        "func": "var payload = msg.payload;\nvar alarm_flag = context.get(\"alarm_flag\");\nif(typeof alarm_flag == \"undefined\")\nalarm_flag = false;\n\nif (payload>45 && !alarm_flag)\n{\n    alarm_flag= true;\n    context.set(\"alarm_flag\",alarm_flag);\n    return msg;\n}\n\nif(payload <=45 && alarm_flag)\n{\n alarm_flag = false;\ncontext.set(\"alarm_flag\",alarm_flag);\n}\n",
        "outputs": 1,
        "noerr": 0,
        "initialize": "",
        "finalize": "",
        "libs": [],
        "x": 400,
        "y": 280,
        "wires": [
            [
                "65ed8083542c1906"
            ]
        ]
    },
    {
        "id": "65ed8083542c1906",
        "type": "change",
        "z": "83d2de5ae3a1db83",
        "name": "",
        "rules": [
            {
                "t": "change",
                "p": "payload",
                "pt": "msg",
                "from": "payload",
                "fromt": "msg",
                "to": "Temperature is getting high!",
                "tot": "str"
            }
        ],
        "action": "",
        "property": "",
        "from": "",
        "to": "",
        "reg": false,
        "x": 460,
        "y": 220,
        "wires": [
            [
                "d97d45639215625f"
            ]
        ]
    },
    {
        "id": "d97d45639215625f",
        "type": "switch",
        "z": "83d2de5ae3a1db83",
        "name": "",
        "property": "payload",
        "propertyType": "msg",
        "rules": [
            {
                "t": "eq",
                "v": "Temperature is getting high!",
                "vt": "str"
            }
        ],
        "checkall": "true",
        "repair": false,
        "outputs": 1,
        "x": 650,
        "y": 220,
        "wires": [
            [
                "9bb26033105be96c"
            ]
        ]
    },
    {
        "id": "9bb26033105be96c",
        "type": "ui_toast",
        "z": "83d2de5ae3a1db83",
        "position": "bottom right",
        "displayTime": "3",
        "highlight": "",
        "sendall": true,
        "outputs": 0,
        "ok": "OK",
        "cancel": "",
        "raw": true,
        "className": "",
        "topic": "Temperature Sensor",
        "name": "",
        "x": 850,
        "y": 280,
        "wires": []
    },
    {
        "id": "79590e8a880f3866",
        "type": "function",
        "z": "83d2de5ae3a1db83",
        "name": "",
        "func": "msg.payload = msg.payload.SENSOR1;\nreturn msg;",
        "outputs": 1,
        "noerr": 0,
        "initialize": "",
        "finalize": "",
        "libs": [],
        "x": 620,
        "y": 60,
        "wires": [
            [
                "6cbe7290bc392b04"
            ]
        ]
    },
    {
        "id": "6cbe7290bc392b04",
        "type": "mqtt out",
        "z": "83d2de5ae3a1db83",
        "name": "",
        "topic": "iot/temp",
        "qos": "",
        "retain": "",
        "respTopic": "",
        "contentType": "",
        "userProps": "",
        "correl": "",
        "expiry": "",
        "broker": "c9bbbce2de29e8e7",
        "x": 780,
        "y": 40,
        "wires": []
    },
    {
        "id": "9f920c3aa40da261",
        "type": "mqtt in",
        "z": "83d2de5ae3a1db83",
        "name": "",
        "topic": "iot/temp",
        "qos": "2",
        "datatype": "auto",
        "broker": "c9bbbce2de29e8e7",
        "nl": false,
        "rap": true,
        "rh": 0,
        "inputs": 0,
        "x": 150,
        "y": 280,
        "wires": [
            [
                "480a3992145e13ed",
                "18e89268cc8a037f"
            ]
        ]
    },
    {
        "id": "7c0a8cdd762a0875",
        "type": "e-mail",
        "z": "83d2de5ae3a1db83",
        "server": "smtp.gmail.com",
        "port": "465",
        "secure": true,
        "tls": true,
        "name": "taiyebaa14@gmail.com",
        "dname": "Emergency!",
        "x": 890,
        "y": 520,
        "wires": []
    },
    {
        "id": "4ad31169d1ec0352",
        "type": "function",
        "z": "83d2de5ae3a1db83",
        "name": "",
        "func": "var payload = msg.payload;\nvar alarm_flag = context.get(\"alarm_flag\");\nif(typeof alarm_flag == \"undefined\")\nalarm_flag = false;\n\nif (payload==1 && !alarm_flag)\n{\n    alarm_flag= true;\n    context.set(\"alarm_flag\",alarm_flag);\n     return msg;\n}\n\nif(payload ==0 && alarm_flag)\n{\n alarm_flag = false;\n    context.set(\"alarm_flag\",alarm_flag);\n    return msg;   \n}\n",
        "outputs": 1,
        "noerr": 0,
        "initialize": "",
        "finalize": "",
        "libs": [],
        "x": 340,
        "y": 540,
        "wires": [
            [
                "c55848eb49460cdb"
            ]
        ]
    },
    {
        "id": "c55848eb49460cdb",
        "type": "change",
        "z": "83d2de5ae3a1db83",
        "name": "",
        "rules": [
            {
                "t": "change",
                "p": "payload",
                "pt": "msg",
                "from": "1",
                "fromt": "str",
                "to": "Warning! Gas Leakage Detected at Home!",
                "tot": "str"
            }
        ],
        "action": "",
        "property": "",
        "from": "",
        "to": "",
        "reg": false,
        "x": 540,
        "y": 540,
        "wires": [
            [
                "41430dbd5b2c08e7"
            ]
        ]
    },
    {
        "id": "41430dbd5b2c08e7",
        "type": "switch",
        "z": "83d2de5ae3a1db83",
        "name": "",
        "property": "payload",
        "propertyType": "msg",
        "rules": [
            {
                "t": "eq",
                "v": "Warning! Gas Leakage Detected at Home!",
                "vt": "str"
            }
        ],
        "checkall": "true",
        "repair": false,
        "outputs": 1,
        "x": 730,
        "y": 540,
        "wires": [
            [
                "7c0a8cdd762a0875"
            ]
        ]
    },
    {
        "id": "f631aec9237bfaf3",
        "type": "serial-port",
        "serialport": "COM2",
        "serialbaud": "9600",
        "databits": "8",
        "parity": "none",
        "stopbits": "1",
        "waitfor": "",
        "dtr": "none",
        "rts": "none",
        "cts": "none",
        "dsr": "none",
        "newline": "\\n",
        "bin": "false",
        "out": "char",
        "addchar": "",
        "responsetimeout": "10000"
    },
    {
        "id": "cb37476e44a9611a",
        "type": "ui_group",
        "name": "Welcome Home!",
        "tab": "d03e81e7aec0e207",
        "order": 1,
        "disp": true,
        "width": "6",
        "collapse": false,
        "className": ""
    },
    {
        "id": "c9bbbce2de29e8e7",
        "type": "mqtt-broker",
        "name": "",
        "broker": "localhost",
        "port": "1883",
        "clientid": "",
        "autoConnect": true,
        "usetls": false,
        "protocolVersion": "4",
        "keepalive": "60",
        "cleansession": true,
        "birthTopic": "",
        "birthQos": "0",
        "birthPayload": "",
        "birthMsg": {},
        "closeTopic": "",
        "closeQos": "0",
        "closePayload": "",
        "closeMsg": {},
        "willTopic": "",
        "willQos": "0",
        "willPayload": "",
        "willMsg": {},
        "sessionExpiry": ""
    },
    {
        "id": "d03e81e7aec0e207",
        "type": "ui_tab",
        "name": "Smart Appartment",
        "icon": "dashboard",
        "order": 3,
        "disabled": false,
        "hidden": false
    }
]